{"version":null,"displayName":"Aha","type":"aha","logo":"aha.png","logoSmall":"aha.png","metadata":[{"name":"product","dependent":false,"dependentMetadata":null,"values":[{"id":"PROD","name":"Universal Adapter Training","attributeName":null,"referenceType":null,"dependents":null,"attributes":null,"regex":false}],"apiConfig":{"api":null,"idJsonPath":null,"valueJsonPath":null,"headers":null}},{"name":"release","dependent":false,"dependentMetadata":null,"values":[{"id":"PROD-R-2","name":"Example Release 1","attributeName":null,"referenceType":null,"dependents":null,"attributes":null,"regex":false}],"apiConfig":{"api":null,"idJsonPath":null,"valueJsonPath":null,"headers":null}}],"fields":[{"id":"workflow_status","name":"Status","datatype":"String","values":[{"id":"Under consideration","name":"Under consideration","attributeName":null,"referenceType":null,"dependents":null,"attributes":null,"regex":false},{"id":"In design","name":"In design","attributeName":null,"referenceType":null,"dependents":null,"attributes":null,"regex":false},{"id":"Ready to develop","name":"Ready to develop","attributeName":null,"referenceType":null,"dependents":null,"attributes":null,"regex":false},{"id":"In development","name":"In development","attributeName":null,"referenceType":null,"dependents":null,"attributes":null,"regex":false},{"id":"Ready to ship","name":"Ready to ship","attributeName":null,"referenceType":null,"dependents":null,"attributes":null,"regex":false},{"id":"Shipped","name":"Shipped","attributeName":null,"referenceType":null,"dependents":null,"attributes":null,"regex":false},{"id":"Will not implement","name":"Will not implement","attributeName":null,"referenceType":null,"dependents":null,"attributes":null,"regex":false}]},{"id":"reference_num","name":"Reference Number","datatype":"String","values":null},{"id":"updated_at","name":"Updated At","datatype":"Datetime","values":null},{"id":"name","name":"Name","datatype":"String","values":null},{"id":"due_date","name":"Due Date","datatype":"Date","values":null},{"id":"id","name":"ID","datatype":"String","values":null},{"id":"start_date","name":"Start Date","datatype":"Date","values":null},{"id":"description","name":"Description","datatype":"InlineHtml","values":null}],"loginOptions":[],"idFieldName":"id","titleFieldName":"name","projectFieldName":"product","artifactFieldName":"","testStepsFieldName":null,"changedDateFieldName":"updated_at","dateFormat":"yyyy-MM-dd","dateTimeFormat":"yyyy-MM-dd'T'HH:mm:ss.SSS'Z'","queryDateFormat":"yyyy-MM-dd'T'HH:mm:ss.SSS'Z'","queryDateFormatType":"DATE_TIME_FORMAT","iso8601DateFormat":false,"commentFieldName":null,"commentFieldId":null,"attachmentFieldName":null,"attachmentFieldId":null,"apiVersion":null,"callBackUrlConfigured":false,"callBackUrls":null,"apiProvider":"ExternalApplication","applicationType":null,"urlDescription":"https://domain.aha.io","userNameDescription":"leave blank","passwordDescription":"leave blank","paginationSupported":false,"paginationAttributes":null,"status":"Active","active":true,"commentSyncSupported":false,"attachmentSyncSupported":false,"syncModel":"ReadWrite","availableRestOperations":null,"multiProjectSupported":false,"projectLoginRequired":false,"conjunctionOperator":"","global":true,"tenantList":null}