[{"schemeId":13,"schemeName":"Default","adapterType":"aha","group":null,"active":true,"adapterMetadataList":[],"requestHeaders":[],"restTemplates":{"UPDATE_RECORD":{"templateId":65,"operation":"UPDATE_RECORD","httpVerb":"PUT","restUrl":"api/v1/products/${product}/features/${recordId}","specifications":{"Request":{"specId":126,"type":"Request","adapterType":null,"specType":"JOLT","status":"Active","specification":"[{\n    \"operation\": \"shift\",\n    \"spec\": {\n      \"fields\": {\n        \"*\": \"feature.&\"\n    }\n}\n}\n]\n","samplePayload":"{\n  \"id\": \"TP-4\",\n  \"fields\": {\n    \"summary\": \"Test for API creation 2\",\n    \"description\": \"Test for API creation 2\",\n    \"assignee\": \"admin\",\n    \"priority\": \"1\",\n    \"reporter\": \"admin\"\n  }\n}","contentAvailable":true,"statusCode":2},"Response":{"specId":125,"type":"Response","adapterType":null,"specType":"JOLT","status":"Active","specification":"[\n  {\n    \"operation\": \"shift\",\n    \"spec\": {\n      \"feature\": {\n        \"id\": \"&\",\n        \"*\": \"fields.&\",\n        \"workflow_kind\":{\n             \"name\":\"fields.workflow\"\n         },\n        \"workflow_status\":{\n             \"name\":\"fields.status\"\n       },\n       \"description\":{\n            \"body\":\"fields.description\"\n       },\n       \"release\":{\n            \"reference_num\":\"fields.release\",\n           \"project\":{\n                 \"name\":\"fields.project\"\n           }\n       },\n      \"created_by_user\":{\n            \"name\":\"fields.created_by\"\n     },\n  \"updated_by_user\":{\n            \"name\":\"fields.updated_by\"\n     }\n    }\n}\n}\n]\n","samplePayload":"{\n    \"feature\": {\n        \"id\": \"7006027718522854386\",\n        \"name\": \"New name\",\n        \"reference_num\": \"TEAM-1\",\n        \"initiative_reference_num\": null,\n        \"release_reference_num\": \"TEAM-R-1\",\n        \"epic_reference_num\": null,\n        \"position\": 1,\n        \"score\": 0,\n        \"created_at\": \"2021-09-09T20:05:43.158Z\",\n        \"updated_at\": \"2021-09-10T18:17:18.296Z\",\n        \"start_date\": null,\n        \"due_date\": null,\n        \"product_id\": \"7006027715390394764\",\n        \"progress\": null,\n        \"progress_source\": \"progress_manual\",\n        \"workflow_kind\": {\n            \"id\": \"7006027714357591678\",\n            \"name\": \"New\"\n        },\n        \"workflow_status\": {\n            \"id\": \"7006027714399111683\",\n            \"name\": \"Not started\",\n            \"position\": 1,\n            \"complete\": false,\n            \"color\": \"#80b3c7\"\n        },\n        \"original_estimate\": null,\n        \"remaining_estimate\": null,\n        \"work_done\": null,\n        \"work_units\": 20,\n        \"use_requirements_estimates\": false,\n        \"description\": {\n            \"id\": \"7006073081994205395\",\n            \"body\": \"New description\",\n            \"created_at\": \"2021-09-09T23:01:45.164Z\",\n            \"attachments\": []\n        },\n        \"attachments\": [],\n        \"integration_fields\": [],\n        \"url\": \"https://connectall.aha.io/features/TEAM-1\",\n        \"resource\": \"https://connectall.aha.io/api/v1/features/TEAM-1\",\n        \"release\": {\n            \"id\": \"7006027718019429247\",\n            \"reference_num\": \"TEAM-R-1\",\n            \"name\": \"Parking Lot\",\n            \"parking_lot\": true,\n            \"created_at\": \"2021-09-09T20:05:43.042Z\",\n            \"product_id\": \"7006027715390394764\",\n            \"integration_fields\": [],\n            \"url\": \"https://connectall.aha.io/releases/TEAM-R-1\",\n            \"resource\": \"https://connectall.aha.io/api/v1/releases/TEAM-R-1\",\n            \"owner\": {\n                \"id\": \"7006027665098181164\",\n                \"name\": \"Doug Bass\",\n                \"email\": \"dbass@connectall.com\",\n                \"created_at\": \"2021-09-09T20:05:30.717Z\",\n                \"updated_at\": \"2021-09-09T20:06:59.916Z\"\n            },\n            \"project\": {\n                \"id\": \"7006027715390394764\",\n                \"reference_prefix\": \"TEAM\",\n                \"name\": \"ConnectAll\",\n                \"product_line\": false,\n                \"created_at\": \"2021-09-09T20:05:42.428Z\",\n                \"workspace_type\": \"team\"\n            }\n        },\n        \"created_by_user\": {\n            \"id\": \"7006027665098181164\",\n            \"name\": \"Doug Bass\",\n            \"email\": \"dbass@connectall.com\",\n            \"created_at\": \"2021-09-09T20:05:30.717Z\",\n            \"updated_at\": \"2021-09-09T20:06:59.916Z\"\n        },\n        \"assigned_to_user\": {\n            \"id\": \"7006027665098181164\",\n            \"name\": \"Doug Bass\",\n            \"email\": \"dbass@connectall.com\",\n            \"created_at\": \"2021-09-09T20:05:30.717Z\",\n            \"updated_at\": \"2021-09-09T20:06:59.916Z\",\n            \"default_assignee\": false\n        },\n        \"requirements\": [],\n        \"goals\": [],\n        \"comments_count\": 0,\n        \"score_facts\": [],\n        \"tags\": [],\n        \"full_tags\": [],\n        \"custom_fields\": [],\n        \"time_tracking_events\": [],\n        \"feature_links\": [],\n        \"feature_only_original_estimate\": null,\n        \"feature_only_remaining_estimate\": null,\n        \"feature_only_work_done\": null\n    }\n}","contentAvailable":true,"statusCode":2}}},"CREATE_RECORD":{"templateId":63,"operation":"CREATE_RECORD","httpVerb":"POST","restUrl":"api/v1/releases/${release}/features","specifications":{"Request":{"specId":128,"type":"Request","adapterType":null,"specType":"JOLT","status":"Active","specification":"[{\n    \"operation\": \"shift\",\n    \"spec\": {\n      \"fields\": {\n        \"*\": \"feature.&\"\n    }\n}\n}\n]","samplePayload":"{\n  \"fields\": {\n    \"name\": \"Created from Postman\",\n    \"description\": \"Created from Postman\"\n  }\n}","contentAvailable":true,"statusCode":2},"Response":{"specId":127,"type":"Response","adapterType":null,"specType":"JOLT","status":"Active","specification":"[\n  {\n    \"operation\": \"shift\",\n    \"spec\": {\n      \"feature\": {\n        \"id\": \"&\",\n        \"*\": \"fields.&\",\n        \"workflow_kind\":{\n             \"name\":\"fields.workflow\"\n         },\n        \"workflow_status\":{\n             \"name\":\"fields.status\"\n       },\n       \"description\":{\n            \"body\":\"fields.description\"\n       },\n       \"release\":{\n            \"reference_num\":\"fields.release\",\n           \"project\":{\n                 \"name\":\"fields.project\"\n           }\n       },\n      \"created_by_user\":{\n            \"name\":\"fields.created_by\"\n     },\n  \"updated_by_user\":{\n            \"name\":\"fields.updated_by\"\n     }\n    }\n}\n}\n]\n","samplePayload":"{\n    \"feature\": {\n        \"id\": \"7332550677578268869\",\n        \"name\": \"Created from Postman\",\n        \"reference_num\": \"PROD-2\",\n        \"initiative_reference_num\": null,\n        \"release_reference_num\": \"PROD-R-2\",\n        \"epic_reference_num\": null,\n        \"position\": 1,\n        \"score\": 0,\n        \"created_at\": \"2024-02-06T18:01:33.881Z\",\n        \"updated_at\": \"2024-02-06T18:01:33.903Z\",\n        \"start_date\": null,\n        \"due_date\": null,\n        \"product_id\": \"7331889489260202415\",\n        \"progress\": 0,\n        \"progress_source\": \"progress_manual\",\n        \"status_changed_on\": \"2024-02-06\",\n        \"created_by_user\": {\n            \"id\": \"7331889383938095169\",\n            \"name\": \"UA Guy\",\n            \"email\": \"ua.guy98@gmail.com\",\n            \"created_at\": \"2024-02-04T23:15:24.459Z\",\n            \"updated_at\": \"2024-02-06T17:59:51.602Z\"\n        },\n        \"workflow_kind\": {\n            \"id\": \"7331889386718771390\",\n            \"name\": \"New\"\n        },\n        \"workflow_status\": {\n            \"id\": \"7331889386718485096\",\n            \"name\": \"Under consideration\",\n            \"position\": 1,\n            \"complete\": false,\n            \"color\": \"#b1d4f5\"\n        },\n        \"project\": {\n            \"id\": \"7331889489260202415\",\n            \"reference_prefix\": \"PROD\",\n            \"name\": \"UA Training\",\n            \"product_line\": false,\n            \"created_at\": \"2024-02-04T23:15:48.981Z\",\n            \"workspace_type\": \"product_workspace\"\n        },\n        \"description\": {\n            \"id\": \"7332550677724823681\",\n            \"body\": \"Created from Postman\",\n            \"created_at\": \"2024-02-06T18:01:33.916Z\",\n            \"attachments\": []\n        },\n        \"attachments\": [],\n        \"integration_fields\": [],\n        \"url\": \"https://feb-ua-training.aha.io/features/PROD-2\",\n        \"resource\": \"https://feb-ua-training.aha.io/api/v1/features/PROD-2\",\n        \"release\": {\n            \"id\": \"7331889491500614860\",\n            \"reference_num\": \"PROD-R-2\",\n            \"name\": \"Example release 1\",\n            \"start_date\": \"2024-01-29\",\n            \"release_date\": \"2024-02-17\",\n            \"parking_lot\": false,\n            \"created_at\": \"2024-02-04T23:15:49.505Z\",\n            \"product_id\": \"7331889489260202415\",\n            \"integration_fields\": [],\n            \"url\": \"https://feb-ua-training.aha.io/releases/PROD-R-2\",\n            \"resource\": \"https://feb-ua-training.aha.io/api/v1/releases/PROD-R-2\",\n            \"owner\": {\n                \"id\": \"7331889383938095169\",\n                \"name\": \"UA Guy\",\n                \"email\": \"ua.guy98@gmail.com\",\n                \"created_at\": \"2024-02-04T23:15:24.459Z\",\n                \"updated_at\": \"2024-02-06T17:59:51.602Z\"\n            },\n            \"project\": {\n                \"id\": \"7331889489260202415\",\n                \"reference_prefix\": \"PROD\",\n                \"name\": \"UA Training\",\n                \"product_line\": false,\n                \"created_at\": \"2024-02-04T23:15:48.981Z\",\n                \"workspace_type\": \"product_workspace\"\n            }\n        },\n        \"assigned_to_user\": null,\n        \"requirements\": [],\n        \"goals\": [],\n        \"comments_count\": 0,\n        \"score_facts\": [],\n        \"tags\": [],\n        \"full_tags\": [],\n        \"custom_fields\": [],\n        \"feature_links\": [],\n        \"workflow_status_times\": [\n            {\n                \"status_id\": \"7331889386718485096\",\n                \"status_name\": \"Under consideration\",\n                \"started_at\": \"2024-02-06T18:01:33.975Z\",\n                \"ended_at\": null\n            }\n        ],\n        \"feature_only_original_estimate\": null,\n        \"feature_only_remaining_estimate\": null,\n        \"feature_only_work_done\": null\n    }\n}","contentAvailable":true,"statusCode":2}}},"QUERY_MODIFIED_RECORDS":{"templateId":66,"operation":"QUERY_MODIFIED_RECORDS","httpVerb":"GET","restUrl":"api/v1/products/${product}/features?updated_since=${last-modified-time}&fields=*","specifications":{"Request":{"specId":130,"type":"Request","adapterType":null,"specType":null,"status":"Active","specification":null,"samplePayload":null,"contentAvailable":false,"statusCode":2},"Response":{"specId":129,"type":"Response","adapterType":null,"specType":"JOLT","status":"Active","specification":"[\n  {\n    \"operation\": \"shift\",\n    \"spec\": {\n      \"pagination\":{\n          \"*\":\"&\"\n      },\n      \"features\": {\n        \"*\": {\n          \"id\": \"result.[&1].id\",\n          \"*\": \"result.[&1].fields.&\",\n        \n        \"workflow_kind\":{\n             \"name\":\"result.[&2].fields.workflow_kind\"\n         },\n        \"workflow_status\":{\n             \"name\":\"result.[&2].fields.workflow_status\"\n       },\n       \"description\":{\n            \"body\":\"result.[&2].fields.description\"\n       },\n       \"release\":{\n            \"reference_num\":\"result.[&2].fields.release\",\n           \"project\":{\n                 \"name\":\"result.[&3].fields.project\"\n           }\n       },\n      \"created_by_user\":{\n            \"name\":\"result.[&2].fields.created_by\"\n     },\n  \"updated_by_user\":{\n            \"name\":\"result.[&2].fields.updated_by\"\n     }\n}\n    }\n    }\n    },\n  {\n    \"operation\": \"modify-overwrite-beta\",\n    \"spec\": {\n      \"totalRecords\": \"=size(@(1,result))\"\n    }\n  }\n]\n","samplePayload":"{\n    \"features\": [\n        {\n            \"id\": \"7320680323329975157\",\n            \"name\": \"Update from Postman\",\n            \"reference_num\": \"PROD-1\",\n            \"initiative_reference_num\": \"PROD-S-1\",\n            \"release_reference_num\": \"PROD-R-2\",\n            \"epic_reference_num\": null,\n            \"position\": 1,\n            \"score\": 0,\n            \"created_at\": \"2024-01-05T18:18:31.662Z\",\n            \"updated_at\": \"2024-01-25T14:05:24.694Z\",\n            \"start_date\": \"2024-01-13\",\n            \"due_date\": \"2024-01-20\",\n            \"product_id\": \"7320680319891110375\",\n            \"progress\": 0,\n            \"progress_source\": \"progress_manual\",\n            \"status_changed_on\": \"2024-01-25\",\n            \"created_by_user\": {\n                \"id\": \"7320680163998237000\",\n                \"name\": \"Aha UA\",\n                \"email\": \"aha.ua.trainer@gmail.com\",\n                \"created_at\": \"2024-01-05T18:17:54.567Z\",\n                \"updated_at\": \"2024-01-25T13:51:52.071Z\"\n            },\n            \"workflow_kind\": {\n                \"id\": \"7320680166943226934\",\n                \"name\": \"New\"\n            },\n            \"workflow_status\": {\n                \"id\": \"7320680166937042823\",\n                \"name\": \"In design\",\n                \"position\": 2,\n                \"complete\": false,\n                \"color\": \"#bfb0cf\"\n            },\n            \"project\": {\n                \"id\": \"7320680319891110375\",\n                \"reference_prefix\": \"PROD\",\n                \"name\": \"Universal Adapter Training\",\n                \"product_line\": false,\n                \"created_at\": \"2024-01-05T18:18:30.864Z\",\n                \"workspace_type\": \"product_workspace\"\n            },\n            \"description\": {\n                \"id\": \"7320680323656397731\",\n                \"body\": \"Update from Postman\",\n                \"created_at\": \"2024-01-05T18:18:31.736Z\",\n                \"attachments\": []\n            },\n            \"attachments\": [],\n            \"integration_fields\": [],\n            \"url\": \"https://rest-friend-civil.aha.io/features/PROD-1\",\n            \"resource\": \"https://rest-friend-civil.aha.io/api/v1/features/PROD-1\",\n            \"release\": {\n                \"id\": \"7320680322486369892\",\n                \"reference_num\": \"PROD-R-2\",\n                \"name\": \"Example release\",\n                \"start_date\": \"2023-12-25\",\n                \"release_date\": \"2024-01-13\",\n                \"parking_lot\": false,\n                \"created_at\": \"2024-01-05T18:18:31.466Z\",\n                \"product_id\": \"7320680319891110375\",\n                \"integration_fields\": [],\n                \"url\": \"https://rest-friend-civil.aha.io/releases/PROD-R-2\",\n                \"resource\": \"https://rest-friend-civil.aha.io/api/v1/releases/PROD-R-2\",\n                \"owner\": {\n                    \"id\": \"7320680163998237000\",\n                    \"name\": \"Aha UA\",\n                    \"email\": \"aha.ua.trainer@gmail.com\",\n                    \"created_at\": \"2024-01-05T18:17:54.567Z\",\n                    \"updated_at\": \"2024-01-25T13:51:52.071Z\"\n                },\n                \"project\": {\n                    \"id\": \"7320680319891110375\",\n                    \"reference_prefix\": \"PROD\",\n                    \"name\": \"Universal Adapter Training\",\n                    \"product_line\": false,\n                    \"created_at\": \"2024-01-05T18:18:30.864Z\",\n                    \"workspace_type\": \"product_workspace\"\n                }\n            },\n            \"assigned_to_user\": null,\n            \"requirements\": [],\n            \"initiative\": {\n                \"id\": \"7320680321636613558\",\n                \"reference_num\": \"PROD-S-1\",\n                \"name\": \"Example Initiative 1\",\n                \"url\": \"https://rest-friend-civil.aha.io/initiatives/PROD-S-1\",\n                \"resource\": \"https://rest-friend-civil.aha.io/api/v1/initiatives/PROD-S-1\",\n                \"created_at\": \"2024-01-05T18:18:31.268Z\",\n                \"description\": {\n                    \"id\": \"7320680321764276410\",\n                    \"body\": \"This is a description for an example initiative\",\n                    \"created_at\": \"2024-01-05T18:18:31.295Z\",\n                    \"attachments\": []\n                },\n                \"integration_fields\": []\n            },\n            \"goals\": [],\n            \"comments_count\": 0,\n            \"score_facts\": [],\n            \"tags\": [],\n            \"full_tags\": [],\n            \"custom_fields\": [],\n            \"feature_links\": [],\n            \"workflow_status_times\": [\n                {\n                    \"status_id\": \"7320680166931181895\",\n                    \"status_name\": \"Under consideration\",\n                    \"started_at\": \"2024-01-05T18:18:31.782Z\",\n                    \"ended_at\": \"2024-01-25T14:05:24.840Z\"\n                },\n                {\n                    \"status_id\": \"7320680166937042823\",\n                    \"status_name\": \"In design\",\n                    \"started_at\": \"2024-01-25T13:58:20.461Z\",\n                    \"ended_at\": \"2024-01-25T13:58:47.561Z\"\n                },\n                {\n                    \"status_id\": \"7320680166951442853\",\n                    \"status_name\": \"Ready to develop\",\n                    \"started_at\": \"2024-01-25T13:58:47.576Z\",\n                    \"ended_at\": \"2024-01-25T13:59:04.643Z\"\n                },\n                {\n                    \"status_id\": \"7320680166953083910\",\n                    \"status_name\": \"Ready to ship\",\n                    \"started_at\": \"2024-01-25T13:59:17.327Z\",\n                    \"ended_at\": \"2024-01-25T13:59:29.618Z\"\n                },\n                {\n                    \"status_id\": \"7320680166957981911\",\n                    \"status_name\": \"Will not implement\",\n                    \"started_at\": \"2024-01-25T13:59:39.794Z\",\n                    \"ended_at\": \"2024-01-25T14:00:33.971Z\"\n                },\n                {\n                    \"status_id\": \"7320680166959278902\",\n                    \"status_name\": \"In development\",\n                    \"started_at\": \"2024-01-25T13:59:04.658Z\",\n                    \"ended_at\": \"2024-01-25T13:59:17.312Z\"\n                },\n                {\n                    \"status_id\": \"7320680166961109770\",\n                    \"status_name\": \"Shipped\",\n                    \"started_at\": \"2024-01-25T13:59:29.631Z\",\n                    \"ended_at\": \"2024-01-25T13:59:39.782Z\"\n                }\n            ],\n            \"feature_only_original_estimate\": null,\n            \"feature_only_remaining_estimate\": null,\n            \"feature_only_work_done\": null\n        },\n        {\n            \"id\": \"7322313539800500173\",\n            \"name\": \"Another example\",\n            \"reference_num\": \"PROD-2\",\n            \"initiative_reference_num\": null,\n            \"release_reference_num\": \"PROD-R-2\",\n            \"epic_reference_num\": null,\n            \"position\": 2,\n            \"score\": 0,\n            \"created_at\": \"2024-01-10T03:56:14.501Z\",\n            \"updated_at\": \"2024-01-10T05:37:40.656Z\",\n            \"start_date\": null,\n            \"due_date\": null,\n            \"product_id\": \"7320680319891110375\",\n            \"progress\": 0,\n            \"progress_source\": \"progress_manual\",\n            \"status_changed_on\": \"2024-01-10\",\n            \"created_by_user\": {\n                \"id\": \"7320680163998237000\",\n                \"name\": \"Aha UA\",\n                \"email\": \"aha.ua.trainer@gmail.com\",\n                \"created_at\": \"2024-01-05T18:17:54.567Z\",\n                \"updated_at\": \"2024-01-25T13:51:52.071Z\"\n            },\n            \"workflow_kind\": {\n                \"id\": \"7320680166943226934\",\n                \"name\": \"New\"\n            },\n            \"workflow_status\": {\n                \"id\": \"7320680166931181895\",\n                \"name\": \"Under consideration\",\n                \"position\": 1,\n                \"complete\": false,\n                \"color\": \"#b1d4f5\"\n            },\n            \"project\": {\n                \"id\": \"7320680319891110375\",\n                \"reference_prefix\": \"PROD\",\n                \"name\": \"Universal Adapter Training\",\n                \"product_line\": false,\n                \"created_at\": \"2024-01-05T18:18:30.864Z\",\n                \"workspace_type\": \"product_workspace\"\n            },\n            \"description\": {\n                \"id\": \"7322313539945931874\",\n                \"body\": \"<p>asdf...</p>\",\n                \"created_at\": \"2024-01-10T03:56:14.538Z\",\n                \"attachments\": []\n            },\n            \"attachments\": [],\n            \"integration_fields\": [],\n            \"url\": \"https://rest-friend-civil.aha.io/features/PROD-2\",\n            \"resource\": \"https://rest-friend-civil.aha.io/api/v1/features/PROD-2\",\n            \"release\": {\n                \"id\": \"7320680322486369892\",\n                \"reference_num\": \"PROD-R-2\",\n                \"name\": \"Example release\",\n                \"start_date\": \"2023-12-25\",\n                \"release_date\": \"2024-01-13\",\n                \"parking_lot\": false,\n                \"created_at\": \"2024-01-05T18:18:31.466Z\",\n                \"product_id\": \"7320680319891110375\",\n                \"integration_fields\": [],\n                \"url\": \"https://rest-friend-civil.aha.io/releases/PROD-R-2\",\n                \"resource\": \"https://rest-friend-civil.aha.io/api/v1/releases/PROD-R-2\",\n                \"owner\": {\n                    \"id\": \"7320680163998237000\",\n                    \"name\": \"Aha UA\",\n                    \"email\": \"aha.ua.trainer@gmail.com\",\n                    \"created_at\": \"2024-01-05T18:17:54.567Z\",\n                    \"updated_at\": \"2024-01-25T13:51:52.071Z\"\n                },\n                \"project\": {\n                    \"id\": \"7320680319891110375\",\n                    \"reference_prefix\": \"PROD\",\n                    \"name\": \"Universal Adapter Training\",\n                    \"product_line\": false,\n                    \"created_at\": \"2024-01-05T18:18:30.864Z\",\n                    \"workspace_type\": \"product_workspace\"\n                }\n            },\n            \"assigned_to_user\": null,\n            \"requirements\": [],\n            \"goals\": [],\n            \"comments_count\": 0,\n            \"score_facts\": [],\n            \"tags\": [],\n            \"full_tags\": [],\n            \"custom_fields\": [],\n            \"feature_links\": [],\n            \"workflow_status_times\": [\n                {\n                    \"status_id\": \"7320680166931181895\",\n                    \"status_name\": \"Under consideration\",\n                    \"started_at\": \"2024-01-10T03:56:14.583Z\",\n                    \"ended_at\": null\n                }\n            ],\n            \"feature_only_original_estimate\": null,\n            \"feature_only_remaining_estimate\": null,\n            \"feature_only_work_done\": null\n        },\n        {\n            \"id\": \"7322324252752781223\",\n            \"name\": \"Do this\",\n            \"reference_num\": \"PROD-3\",\n            \"initiative_reference_num\": null,\n            \"release_reference_num\": \"PROD-R-2\",\n            \"epic_reference_num\": null,\n            \"position\": 3,\n            \"score\": 0,\n            \"created_at\": \"2024-01-10T04:37:48.809Z\",\n            \"updated_at\": \"2024-01-10T05:37:49.706Z\",\n            \"start_date\": null,\n            \"due_date\": null,\n            \"product_id\": \"7320680319891110375\",\n            \"progress\": 0,\n            \"progress_source\": \"progress_manual\",\n            \"status_changed_on\": \"2024-01-10\",\n            \"created_by_user\": {\n                \"id\": \"7320680163998237000\",\n                \"name\": \"Aha UA\",\n                \"email\": \"aha.ua.trainer@gmail.com\",\n                \"created_at\": \"2024-01-05T18:17:54.567Z\",\n                \"updated_at\": \"2024-01-25T13:51:52.071Z\"\n            },\n            \"workflow_kind\": {\n                \"id\": \"7320680166943226934\",\n                \"name\": \"New\"\n            },\n            \"workflow_status\": {\n                \"id\": \"7320680166931181895\",\n                \"name\": \"Under consideration\",\n                \"position\": 1,\n                \"complete\": false,\n                \"color\": \"#b1d4f5\"\n            },\n            \"project\": {\n                \"id\": \"7320680319891110375\",\n                \"reference_prefix\": \"PROD\",\n                \"name\": \"Universal Adapter Training\",\n                \"product_line\": false,\n                \"created_at\": \"2024-01-05T18:18:30.864Z\",\n                \"workspace_type\": \"product_workspace\"\n            },\n            \"description\": {\n                \"id\": \"7322324252898636740\",\n                \"body\": \"<p><br/></p>\",\n                \"created_at\": \"2024-01-10T04:37:48.842Z\",\n                \"attachments\": []\n            },\n            \"attachments\": [],\n            \"integration_fields\": [],\n            \"url\": \"https://rest-friend-civil.aha.io/features/PROD-3\",\n            \"resource\": \"https://rest-friend-civil.aha.io/api/v1/features/PROD-3\",\n            \"release\": {\n                \"id\": \"7320680322486369892\",\n                \"reference_num\": \"PROD-R-2\",\n                \"name\": \"Example release\",\n                \"start_date\": \"2023-12-25\",\n                \"release_date\": \"2024-01-13\",\n                \"parking_lot\": false,\n                \"created_at\": \"2024-01-05T18:18:31.466Z\",\n                \"product_id\": \"7320680319891110375\",\n                \"integration_fields\": [],\n                \"url\": \"https://rest-friend-civil.aha.io/releases/PROD-R-2\",\n                \"resource\": \"https://rest-friend-civil.aha.io/api/v1/releases/PROD-R-2\",\n                \"owner\": {\n                    \"id\": \"7320680163998237000\",\n                    \"name\": \"Aha UA\",\n                    \"email\": \"aha.ua.trainer@gmail.com\",\n                    \"created_at\": \"2024-01-05T18:17:54.567Z\",\n                    \"updated_at\": \"2024-01-25T13:51:52.071Z\"\n                },\n                \"project\": {\n                    \"id\": \"7320680319891110375\",\n                    \"reference_prefix\": \"PROD\",\n                    \"name\": \"Universal Adapter Training\",\n                    \"product_line\": false,\n                    \"created_at\": \"2024-01-05T18:18:30.864Z\",\n                    \"workspace_type\": \"product_workspace\"\n                }\n            },\n            \"assigned_to_user\": null,\n            \"requirements\": [],\n            \"goals\": [],\n            \"comments_count\": 0,\n            \"score_facts\": [],\n            \"tags\": [],\n            \"full_tags\": [],\n            \"custom_fields\": [],\n            \"feature_links\": [],\n            \"workflow_status_times\": [\n                {\n                    \"status_id\": \"7320680166931181895\",\n                    \"status_name\": \"Under consideration\",\n                    \"started_at\": \"2024-01-10T04:37:48.889Z\",\n                    \"ended_at\": null\n                }\n            ],\n            \"feature_only_original_estimate\": null,\n            \"feature_only_remaining_estimate\": null,\n            \"feature_only_work_done\": null\n        }\n    ],\n    \"pagination\": {\n        \"total_records\": 3,\n        \"total_pages\": 1,\n        \"current_page\": 1\n    }\n}","contentAvailable":true,"statusCode":2}}},"QUERY_RECORD_BY_ID":{"templateId":64,"operation":"QUERY_RECORD_BY_ID","httpVerb":"GET","restUrl":"api/v1/products/${product}/features/${recordId}","specifications":{"Request":{"specId":132,"type":"Request","adapterType":null,"specType":null,"status":"Active","specification":null,"samplePayload":null,"contentAvailable":false,"statusCode":2},"Response":{"specId":131,"type":"Response","adapterType":null,"specType":"JOLT","status":"Active","specification":"[\n  {\n    \"operation\": \"shift\",\n    \"spec\": {\n      \"feature\": {\n        \"id\": \"&\",\n        \"*\": \"fields.&\",\n        \"workflow_kind\":{\n             \"name\":\"fields.workflow_kind\"\n         },\n        \"workflow_status\":{\n             \"name\":\"fields.workflow_status\"\n       },\n       \"description\":{\n            \"body\":\"fields.description\"\n       },\n       \"release\":{\n            \"reference_num\":\"fields.release\",\n           \"project\":{\n                 \"name\":\"fields.project\"\n           }\n       },\n      \"created_by_user\":{\n            \"name\":\"fields.created_by\"\n     },\n  \"updated_by_user\":{\n            \"name\":\"fields.updated_by\"\n     }\n    }\n}\n}\n]\n","samplePayload":"{\n    \"feature\": {\n        \"id\": \"7320680323329975157\",\n        \"name\": \"Example feature\",\n        \"reference_num\": \"PROD-1\",\n        \"initiative_reference_num\": \"PROD-S-1\",\n        \"release_reference_num\": \"PROD-R-2\",\n        \"epic_reference_num\": null,\n        \"position\": 1,\n        \"score\": 0,\n        \"created_at\": \"2024-01-05T18:18:31.662Z\",\n        \"updated_at\": \"2024-01-05T18:18:31.682Z\",\n        \"start_date\": \"2024-01-13\",\n        \"due_date\": \"2024-01-20\",\n        \"product_id\": \"7320680319891110375\",\n        \"progress\": 0,\n        \"progress_source\": \"progress_manual\",\n        \"status_changed_on\": \"2024-01-05\",\n        \"created_by_user\": {\n            \"id\": \"7320680163998237000\",\n            \"name\": \"Aha UA\",\n            \"email\": \"aha.ua.trainer@gmail.com\",\n            \"created_at\": \"2024-01-05T18:17:54.567Z\",\n            \"updated_at\": \"2024-01-10T01:11:57.331Z\"\n        },\n        \"workflow_kind\": {\n            \"id\": \"7320680166943226934\",\n            \"name\": \"New\"\n        },\n        \"workflow_status\": {\n            \"id\": \"7320680166931181895\",\n            \"name\": \"Under consideration\",\n            \"position\": 1,\n            \"complete\": false,\n            \"color\": \"#b1d4f5\"\n        },\n        \"project\": {\n            \"id\": \"7320680319891110375\",\n            \"reference_prefix\": \"PROD\",\n            \"name\": \"Universal Adapter Training\",\n            \"product_line\": false,\n            \"created_at\": \"2024-01-05T18:18:30.864Z\",\n            \"workspace_type\": \"product_workspace\"\n        },\n        \"description\": {\n            \"id\": \"7320680323656397731\",\n            \"body\": \"Edit this description to define the details of the work that needs to be done.\",\n            \"created_at\": \"2024-01-05T18:18:31.736Z\",\n            \"attachments\": []\n        },\n        \"attachments\": [],\n        \"integration_fields\": [],\n        \"url\": \"https://rest-friend-civil.aha.io/features/PROD-1\",\n        \"resource\": \"https://rest-friend-civil.aha.io/api/v1/features/PROD-1\",\n        \"release\": {\n            \"id\": \"7320680322486369892\",\n            \"reference_num\": \"PROD-R-2\",\n            \"name\": \"Example release 1\",\n            \"start_date\": \"2023-12-25\",\n            \"release_date\": \"2024-01-13\",\n            \"parking_lot\": false,\n            \"created_at\": \"2024-01-05T18:18:31.466Z\",\n            \"product_id\": \"7320680319891110375\",\n            \"integration_fields\": [],\n            \"url\": \"https://rest-friend-civil.aha.io/releases/PROD-R-2\",\n            \"resource\": \"https://rest-friend-civil.aha.io/api/v1/releases/PROD-R-2\",\n            \"owner\": {\n                \"id\": \"7320680163998237000\",\n                \"name\": \"Aha UA\",\n                \"email\": \"aha.ua.trainer@gmail.com\",\n                \"created_at\": \"2024-01-05T18:17:54.567Z\",\n                \"updated_at\": \"2024-01-10T01:11:57.331Z\"\n            },\n            \"project\": {\n                \"id\": \"7320680319891110375\",\n                \"reference_prefix\": \"PROD\",\n                \"name\": \"Universal Adapter Training\",\n                \"product_line\": false,\n                \"created_at\": \"2024-01-05T18:18:30.864Z\",\n                \"workspace_type\": \"product_workspace\"\n            }\n        },\n        \"assigned_to_user\": null,\n        \"requirements\": [],\n        \"initiative\": {\n            \"id\": \"7320680321636613558\",\n            \"reference_num\": \"PROD-S-1\",\n            \"name\": \"Example Initiative 1\",\n            \"url\": \"https://rest-friend-civil.aha.io/initiatives/PROD-S-1\",\n            \"resource\": \"https://rest-friend-civil.aha.io/api/v1/initiatives/PROD-S-1\",\n            \"created_at\": \"2024-01-05T18:18:31.268Z\",\n            \"description\": {\n                \"id\": \"7320680321764276410\",\n                \"body\": \"This is a description for an example initiative\",\n                \"created_at\": \"2024-01-05T18:18:31.295Z\",\n                \"attachments\": []\n            },\n            \"integration_fields\": []\n        },\n        \"goals\": [],\n        \"comments_count\": 0,\n        \"score_facts\": [],\n        \"tags\": [],\n        \"full_tags\": [],\n        \"custom_fields\": [],\n        \"feature_links\": [],\n        \"workflow_status_times\": [\n            {\n                \"status_id\": \"7320680166931181895\",\n                \"status_name\": \"Under consideration\",\n                \"started_at\": \"2024-01-05T18:18:31.782Z\",\n                \"ended_at\": null\n            }\n        ],\n        \"feature_only_original_estimate\": null,\n        \"feature_only_remaining_estimate\": null,\n        \"feature_only_work_done\": null\n    }\n}","contentAvailable":true,"statusCode":2}}}},"default":true}]